id,location_id,organization_id,service_id,name,title,email,department
1,1,,,Susan Houston,Director of Services,shouston@abc,
2,1,,,Christina Gonzalez,Director,cgonzalez@abc,
3,2,,,Brenda Brown,"Director,bbrown@abc,
4,3,,,Howard Lader,"Manager,hlader@abc,
5,4,,,Kimberly Pesavento,Commercial director,kpesavento@abc,
6,5,,,Joe Bloom,Financial Empowerment Programs Program Director,jbloom@abc,
7,6,,,Peter Olson,Director,polson@abc,
8,6,,,Bart Charlow,Executive Director,bcharlow@abc,
9,7,,,Bart Charlow,Executive Director,bcharlow2@abc,
10,7,,,Barbara Kalt,Director,bkalt@abc,
11,8,,,Marilyn Baker-Venturini,Director,mbaker-venturini@abc,
12,8,,,Graciela Hernandez,Assistant Manager,ghernandez@abc,
13,8,,,Julie Avelino,Assessment Specialist,javelino@abc,
14,9,,,Dave Genesy,Library Director,dgenesy@abc,
15,9,,,Maria Kramer,Library Divisions Manager,mkramer@abc,
16,10,,,Dave Genesy,tester,dgenesy2@abc,
17,10,,,Maria Kramer,Library Division Manager,mkramer2@abc,
18,11,,,Dave Genesy,Head of office,dgenesy3@abc,
19,11,,,Elizabeth Meeks,Branch Manager,emeeks@abc,
20,12,,,Kathy Endaya,Director,kendaya@abc,
21,13,,,Dave Genesy,Library Director,dgenesy4@abc,
22,14,,,Andres Espinoza,"Manager,aespinoza@abc,
23,15,,,Jack Phillips,Administrator,jphillips@abc,
24,16,,,James Lee,Commanding Officer,jlee@abc,
25,17,,,Kenneth Gibson,tester,kgibson@abc,
26,18,,,Sharon Petersen,Administrator,spetersen@abc,
27,19,,,Sharon Petersen,Administrator,spetersen2@abc,
28,21,,,Moncef Salah,tester,msalah@abc,Office of Innovation
29,22,,,Suzanne Badenhoop,tester,sbadenhoop@abc,Referrals
30,20,,,Sean Houston,Director of new Services,shouston2@abc,
31,8,,,David Genesy,Account Manager,dgenesy5@abc,
32,,8,,Elizabeth Feeney,CEO,efeeney@abc,Operations
33,,8,,Erika Meeks,tester,emeeks2@abc,Operations
36,,,22,Joe Smith,third-party,jsmith@abc,third-party Applications
